67048711, 7
86988864, 3-Hump Lacooda
83994646, 4-Starred Ladybug of Doom
23771716, 7 Colored Fish
86198326, 7 Completed
14261867, 8-Claws Scorpion
24140059, A Cat of Ill Omen
6850209, A Deal with Dark Ruler
49140998, A Feather of the Phoenix
68170903, A Feint Plan
21597117, A Hero Emerges
295517, A Legendary Ocean
51351302, A Man with Wdjat
28596933, A Wingbeat of Giant Dragon
13026402, A-Team: Trap Disposal Unit
89718302, Abare Ushioni
27744077, Absolute End
49771608, Absorbing Kid from the Sky
18318842, Abyss Soldier
89801755, Abyssal Designator
21323861, Acid Rain
41356845, Acid Trap Hole
47372349, Acrobat Monkey
62325062, Adhesion Trap Hole
25345186, After Genocide
16135253, Agido
18036057, Airknight Parshath
48202661, Aitsu
99785935, Alpha the Magnet Warrior
21070956, Altar for Tribute
91869203, Amazon Archer
67987611, Amazoness Archers
73574678, Amazoness Blowpiper
29654737, Amazoness Chain Master
55821894, Amazoness Fighter
47480070, Amazoness Paladin
81325903, Amazoness Spellcaster
94004268, Amazoness Swords Woman
10979723, Amazoness Tiger
95174353, Ameba
67371383, Amphibian Beast
64342551, Amphibious Bugroth MK-3
303660, Amplifier
23927567, An Owl of Luck
42431843, Ancient Brain
93221206, Ancient Elf
10509340, Ancient Gear Beast
83104731, Ancient Gear Golem
56094445, Ancient Gear Soldier
43230671, Ancient Lizard Warrior
14015067, Ancient One of the Deep Forest
17092736, Ancient Telescope
15013468, Andro Sphinx
48365709, Ansatsu
34236961, Ante
42364257, Anti Raigeki
65064143, Anti-Aircraft Flower
53112492, Anti-Spell
58921041, Anti-Spell Fragrance
9156135, Apprentice Magician
48539234, Appropriate
95132338, Aqua Chorus
85639257, Aqua Madoor
40916023, Aqua Spirit
55001420, Arcane Archer of the Forest
75889523, Archfiend Marmot of Nefariousness
50287060, Archfiend of Gilfer
49881766, Archfiend Soldier
22796548, Archfiend's Oath
56246017, Archfiend's Roar
18378582, Archlord Zerato
53153481, Armaill
980973, Armed Dragon LV3
46384672, Armed Dragon LV5
73879377, Armed Dragon LV7
9076207, Armed Ninja
84430950, Armed Samurai - Ben Kei
79649195, Armor Break
7180418, Armor Exe
36868108, Armored Glass
15480588, Armored Lizard
17535588, Armored Starfish
20277860, Armored Zombie
69296555, Array of Revealing Light
42364374, Arsenal Bug
55348096, Arsenal Robber
85489096, Arsenal Summoner
62633180, Assault on GHQ
37053871, Astral Barrier
2134346, Asura Priest
88236094, Aswan Apparition
87340664, Atomic Firefly
63689843, Attack and Receive
37970940, Aussa the Earth Charmer
71453557, Autonomous Action Unit
99284890, Avatar of The Pot
40619825, Axe of Despair
48305365, Axe Raider
11901678, B. Skull Dragon
14148099, B.E.S. Big Core
88819587, Baby Dragon
47453433, Back to Square One
82705573, Backfire
36280194, Backup Soldier
40633297, Bad Reaction to Simochi
7165085, Bait Doll
242146, Ballista of Rampart Smashing
39892082, Balloon Lizard
61528025, Banisher of the Light
10012614, Banner of Courage
41925941, Bark of Dark Ruler
86325596, Baron of the Fiend Sword
78783370, Barrel Behind the Door
81480461, Barrel Dragon
89091579, Basic Insect
61181383, Battery Charger
63142001, Batteryman AA
48094997, Battle Footballer
5053103, Battle Ox
18246479, Battle Steer
94463200, Battle-Scarred
40133511, Bazoo the Soul-Eater
84990171, Bean Soldier
46009906, Beast Fangs
11761845, Beast of Talwar
35149085, Beast Soul Swap
99426834, Beastking of the Swamps
16899564, Beautiful Headhuntress
32452818, Beaver Warrior
16255442, Beckoning Light
20374520, Begone, Knave!
22996376, Behemoth the King of All Animals
85605684, Berserk Dragon
39168895, Berserk Gorilla
39256679, Beta the Magnet Warrior
25655502, Bickuribox
61127349, Big Bang Shot
95472621, Big Burn
16768387, Big Eye
42129512, Big Koala
65240384, Big Shield Gardna
51562916, Big Wave Small Wave
59380081, Big-Tusked Mammoth
58696829, Bio-Mage
45547649, Birdface
50122883, Bite Shoes
36262024, Black Dragon's Chick
41426869, Black Illusion Ritual
55761792, Black Luster Ritual
5405694, Black Luster Soldier
72989439, Black Luster Soldier - Envoy of the Beginning
65169794, Black Pendant
38670435, Black Tyranno
87564352, Blackland Fire Dragon
39507162, Blade Knight
58268433, Blade Rabbit
28470714, Bladefly
89041555, Blast Held by a Tribute
70138455, Blast Juggler
21051146, Blast Magician
98239899, Blast with Chain
21466326, Blasting the Ruins
5464695, Blazing Inpachi
30653113, Blessings of the Nile
32015116, Blind Destruction
35215622, Blindly Loyal Goblin
25880422, Block Attack
25551951, Blowback Dragon
20871001, Blue Medicine
53347303, Blue-Eyes Shining Dragon
53183600, Blue-Eyes Toon Dragon
89631139, Blue-Eyes White Dragon
41396436, Blue-Winged Crown
21340051, Boar Soldier
8715625, Bokoichi the Freightening Car
57409948, Bombardment Beetle
98456117, Boneheimer
2204140, Book of Life
14087893, Book of Moon
91595718, Book of Secret Arts
38699854, Book of Taiyou
81386177, Bottom Dweller
76532077, Bottomless Shifting Sand
29401950, Bottomless Trap Hole
52090844, Bowganian
87910978, Brain Control
40267580, Brain Jacker
71413901, Breaker the Magical Warrior
61622107, Bubble Crash
6104968, Bubonic Vermin
6297941, Burglar
41859700, Burning Algae
59364406, Burning Beast
24294108, Burning Land
18937875, Burning Spear
80163754, Burst Breath
17655904, Burst Stream of Destruction
78193831, Buster Blader
84740193, Buster Rancher
17597059, Byser Shock
16970158, Call of the Grave
97077563, Call of the Haunted
4861205, Call of the Mummy
11384280, Cannon Soldier
95614612, Cannonball Spear Shellfish
72892473, Card Destruction
57953380, Card of Safe Return
42664989, Card of Sanctity
12183332, Card Shuffle
62121, Castle of Dark Illusions
44209392, Castle Walls
95841282, Cat's Ear Tribe
95727991, Catapult Turtle
96501677, Catnipped Kitty
93220472, Cave Dragon
36468556, Ceasefire
91152256, Celtic Guardian
51394546, Cemetary Bomb
1801154, Centrifugal Field
20228463, Ceremonial Bell
28106077, Cestus of Dagla
48276469, Chain Burst
1248895, Chain Destruction
57139487, Chain Disappearance
79323590, Chain Energy
72630549, Chaos Command Magician
61044390, Chaos End
97439308, Chaos Greed
1434352, Chaos Necromancer
9596126, Chaos Sorcerer
47829960, Chaosrider Gustaph
13179332, Charcoal Inpachi
50412166, Charm of Shabti
37421579, Charubin the Fire Knight
69313735, Checkmate
16956455, Chiron the Mage
40884383, Chopman the Desperate Outlaw
81380218, Chorus of Sanctuary
21888494, Chosen One
8508055, Chu-Ske the Mouse Fighter
79853073, Cipher Soldier
41218256, Claw Reacher
92667214, Clown Zombie
42541548, Coach Goblin
86801871, Cobra Jar
75109441, Cobraman Sakuzy
33413638, Cockroach Knight
40240595, Cocoon of Evolution
65830223, Coffin Seller
60682203, Cold Wave
7565547, Collected Power
8964854, Combination Attack
10375182, Command Knight
43417563, Commencement Dance
94192409, Compulsory Evacuation Device
68057622, Continuous Destruction Punch
33244944, Contract with Exodia
69035382, Contract with the Abyss
96420087, Contract with the Dark Master
62966332, Convulsion of Nature
34290067, Corroding Shark
38999506, Cosmo Queen
23265313, Cost Down
74458486, Covering Fire
91782219, Crab Turtle
93889755, Crass Clown
67494157, Crawling Dragon
38289717, Crawling Dragon #2
31036355, Creature Swap
52571838, Creeping Doom Manta
14618326, Crimson Ninja
28358902, Crimson Sentry
18654201, Criosphinx
37083210, Cross Counter
85802526, Cure Mermaid
41398771, Curse of Aging
66742250, Curse of Anubis
84970821, Curse of Darkness
28279543, Curse of Dragon
12470447, Curse of Fiend
2926176, Curse of Royal
94377247, Curse of the Masked Beast
58851034, Cursed Seal of the Forbidden Spell
30655537, Cyber Falcon
80316585, Cyber Harpie Lady
34124316, Cyber Jar
39978267, Cyber Raider
89112729, Cyber Saurus
75559356, Cyber Soldier of Darkworld
69015963, Cyber-Stein
5494820, Cyclon Laser
81057959, D. Human
2833249, D. Tribe
70074904, D.D. Assailant
60912752, D.D. Borderline
48148828, D.D. Crazy Beast
33423043, D.D. Designator
8628798, D.D. Dynamite
3773196, D.D. Scout Plane
48092532, D.D. Survivor
86498013, D.D. Trainer
7572887, D.D. Warrior Lady
59983499, Dancing Elf
90925163, Dancing Fairy
41949033, Dark Assailant
80071763, Dark Balter the Terrible
67049542, Dark Bat
11321183, Dark Blade
86805855, Dark Blade the Dragon Knight
8634636, Dark Cat with White Tail
1804528, Dark Coffin
70231910, Dark Core
78053598, Dark Designator
65287621, Dark Driceratops
89111398, Dark Dust Spirit
21417692, Dark Elf
4614116, Dark Energy
90928333, Dark Factory of Mass Production
13722870, Dark Flare Knight
9159938, Dark Gray
90980792, Dark Jeroid
53375573, Dark King of the Abyss
2314238, Dark Magic Attack
46986414, Dark Magician
38033121, Dark Magician Girl
50725996, Dark Magician Knight
40737112, Dark Magician of Chaos
97642679, Dark Master - Zorc
74713516, Dark Mimic LV1
1102515, Dark Mimic LV3
20522190, Dark Mirror Force
31829185, Dark Necrofear
98502113, Dark Paladin
85562745, Dark Room of Nightmare
53982768, Dark Ruler Ha Des
92377303, Dark Sage
61587183, Dark Scorpion - Chick the Yellow
6967870, Dark Scorpion - Cliff the Trap Remover
48768179, Dark Scorpion - Gorg the Strong
74153887, Dark Scorpion - Meanae the Thorn
40933924, Dark Scorpion Burglars
20858318, Dark Scorpion Combination
47233801, Dark Snake Syndrome
93599951, Dark Spirit of the Silent
89494469, Dark Titan of Terror
35565537, Dark Witch
59784896, Dark Zebra
45895206, Dark-Piercing Light
35798491, Darkbishop Archfiend
17881964, Darkfire Dragon
5388481, Darkfire Soldier #1
78861134, Darkfire Soldier #2
57579381, Darklord Marie
80168720, Darkness Approaches
43500484, Darkworld Thorns
95286165, De-Fusion
19159413, De-Spell
69122763, Deal of Phantom
10209545, Decayed Commander
35027493, Deck Devastation Virus
69542930, Dedication through Light and Darkness
28593363, Deepsea Shark
24128274, Deepsea Warrior
87621407, Dekoichi the Battlechanted Locomotive
44763025, Delinquent Duo
39719977, Delta Attacker
72575145, Demotion
39131963, Des Counterblow
12965761, Des Dendle
81985784, Des Feral Imp
78613627, Des Kangaroo
69579761, Des Koala
2326738, Des Lacooda
9637706, Des Wombat
93747864, Desert Sunlight
13409151, Desertapir
71200730, Despair from the Dark
72192100, Desrook Archfiend
94212438, Destiny Board
73481154, Destroyer Golem
5616412, Destruction Punch
21219755, Destruction Ring
96967123, Dharma Cannon
84257640, Dian Keto the Cure Master
3549275, Dice Jar
83241722, Dice Re-Roll
11961740, Different Dimension Capsule
50939127, Different Dimension Dragon
56460688, Different Dimension Gate
87880531, Diffusion Wave-Motion
95194279, Dimension Distortion
23557835, Dimension Fusion
73414375, Dimension Jar
22959079, Dimensionhole
24623598, Disappear
20727787, Disarmament
19612721, Disc Fighter
76446915, Disk Magician
40826495, Dissolverock
77561728, Disturbance Strategy
62113340, Divine Dragon Ragnarok
49010598, Divine Wrath
74701381, DNA Surgery
56769674, DNA Transplant
99721536, Dokurorider
30325729, Dokuroyaiba
16972957, Doma the Angel of Silence
3493978, Don Turtle
76922029, Don Zaloog
67464807, Dora of Fate
23965037, Doriado's Blessing
34187685, Double Attack
44436472, Double Coston
3682106, Double Snare
24096228, Double Spell
16435215, Dragged Down into the Grave
50045299, Dragon Capture Jar
63018132, Dragon Manipulator
55763552, Dragon Piper
28563545, Dragon Seeker
1435851, Dragon Treasure
66672569, Dragon Zombie
55991637, Dragon's Gunfire
54178050, Dragon's Rage
70681994, Dragoness the Wicked Knight
32437102, Dragonic Attack
43250041, Draining Shield
80193355, Dramatic Rescue
13215230, Dream Clown
8687195, Dreamsprite
88733579, Drill Bug
99050989, Drillago
473469, Driving Snow
16353197, Drooling Lizard
55773067, Drop Off
13532663, Dummy Golem
31476755, Dust Barrier
60082869, Dust Tornado
53693416, Eagle Eye
59820352, Earth Chant
67105242, Earthbound Spirit
82828051, Earthquake
60866277, Earthshaker
42578427, Eatgaboon
97342942, Ectoplasmer
69954399, Ekibyo Drakmord
55875323, Electric Lizard
11324436, Electric Snake
37820550, Electro-Whip
90219263, Elegant Egotist
23118924, Element Doom
30314994, Element Dragon
65260293, Element Magician
92755808, Element Saurus
66712593, Element Soldier
97623219, Element Valkyrie
61411502, Elemental Burst
21844576, Elemental HERO Avian
58932615, Elemental HERO Burstinatrix
84327329, Elemental HERO Clayman
35809262, Elemental HERO Flame Wingman
20721928, Elemental HERO Sparkman
61204971, Elemental HERO Thunder Giant
99414168, Elemental Mistress Doriado
85166216, Elephant Statue of Blessing
12160911, Elephant Statue of Disaster
39897277, Elf's Light
6390406, Emblem of Dragon Destroyer
53046408, Emergency Provisions
43580269, Emes the Infinity
75043725, Emissary of the Afterlife
6103294, Emissary of the Oasis
15237615, Empress Judge
58818411, Empress Mantis
96355986, Enchanted Javelin
30531525, Enchanting Fitting Room
75376965, Enchanting Mermaid
98045062, Enemy Controller
56916805, Energy Drain
26022485, Enervating Mist
76909279, Enraged Battle Ox
91862578, Enraged Muka Muka
74364659, Eria the Water Charmer
95051344, Eternal Rest
5556668, Exchange
95451366, Exhausting Spell
26725158, Exile of the Wicked
74131780, Exiled Force
12600382, Exodia Necross
33396948, Exodia the Forbidden One
21598948, Fairy Box
22419772, Fairy Guardian
45425051, Fairy King Truesdale
97687912, Fairy Meteor Crush
20188127, Fairy of the Spring
68401546, Fairy's Gift
17653779, Fairy's Hand Mirror
75582395, Faith Bird
3027001, Fake Trap
32919136, Falling Down
89731911, Familiar Knight
77910045, Fatal Abacus
34193084, Fear from the Dark
37406863, Fengsheng Mirror
218704, Fenrir
41392891, Feral Imp
81172176, Fiend Comedian
2863439, Fiend Reflection #2
26566878, Fiend Scorpion
66235877, Fiend Skull Dragon
58607704, Fiend's Hand Mirror
52503575, Final Attack Orders
95308449, Final Countdown
18591904, Final Destiny
73134082, Final Flame
60369732, Final Ritual of the Ancients
46534755, Fire Kraken
64752646, Fire Princess
27132350, Fire Sorcerer
87473172, Firebird
53293545, Firegrass
71407486, Fireyarou
66788016, Fissure
60862676, Flame Cerebrus
42599677, Flame Champion
12883044, Flame Dancer
58528964, Flame Ghost
34460851, Flame Manipulator
41089128, Flame Ruler
45231177, Flame Swordsman
96890582, Flash Assailant
75560629, Flint
95952802, Flower Wolf
31987274, Flying Fish
84834865, Flying Kamakiri #1
3134241, Flying Kamakiri #2
5628232, Flying Penguin
98252586, Follow Wind
97806240, Forced Ceasefire
74923978, Forced Requisition
87430998, Forest
26931058, Formation Union
88753985, Fox Fire
16556849, Freed the Brave Wanderer
49681811, Freed the Matchless General
85359414, Freezing Beast
98818516, Frenzied Panda
38742075, Frontier Wiseman
46181000, Frontline Base
57069605, Frozen Soul
49998907, Fruits of Kozaky's Studies
1781310, Fuh-Rin-Ka-Zan
9373534, Fuhma Shuriken
48206762, Fulfillment of the Contract
38538445, Fushi No Tori
39711336, Fushioh Richie
51632798, Fusilier Dragon, the Dual-Mode Beast
33550694, Fusion Gate
26902560, Fusion Sage
37684215, Fusion Sword Murasame Blade
27967615, Fusion Weapon
1641882, Fusionist
86281779, Gadget Soldier
49003308, Gagagigo
56594520, Gaia Power
51355346, Gaia Soul the Combustible Collective
66889139, Gaia the Dragon Champion
6368038, Gaia the Fierce Knight
77491079, Gale Lizard
37313786, Gamble
11549357, Gamma the Magnet Warrior
49888191, Garnecia Elefantis
14977074, Garoozis
12800777, Garuda the Wind Spirit
25833572, Gate Guardian
7512044, Gather Your Mind
87751584, Gatling Dragon
5818798, Gazelle the King of Mythical Beasts
30190809, Gear Golem the Moving Fortress
423705, Gearfried the Iron Knight
57046845, Gearfried the Swordmaster
69140098, Gemini Elf
24668830, Germ Infection
21887179, Getsu Fuhma
13386503, Ghost Knight of Jackal
78266168, Giant Axe Mummy
41762634, Giant Flea
95178994, Giant Germ
73698349, Giant Orc
97017120, Giant Rat
58831685, Giant Red Seasnake
13039848, Giant Soldier of Stone
42703248, Giant Trunade
96981563, Giant Turtle Who Feeds on Flames
98792570, Gift of the Martyr
98299011, Gift of The Mystical Elf
43793530, Giga Gagagigo
8471389, Giga-Tech Wolf
47606319, Gigantes
53776525, Gigobyte
45894482, Gilasaurus
51828629, Giltia the D. Knight
84620194, Girochin Kuwagata
78658564, Goblin Attack Force
12057781, Goblin Calligrapher
4149689, Goblin Fan
18590133, Goblin King
425934, Goblin of Greed
45311864, Goblin Thief
11868825, Goblin's Secret Remedy
67959180, Goddess of Whim
53493204, Goddess with the Third Eye
39674352, Gogiga Gagagigo
52323207, Golem Sentry
9744376, Good Goblin Housekeeping
80233946, Gora Turtle
42868711, Gora Turtle of Illusion
52648457, Gorgon's Eye
79571449, Graceful Charity
74137509, Graceful Dice
10992251, Gradius
14291024, Gradius' Option
13944422, Granadora
13676474, Grand Tiki Elder
60229110, Granmarg the Rock Monarch
57270476, Grave Lure
40937767, Grave Ohja
11448373, Grave Protector
82542267, Gravedigger Ghoul
25262697, Gravekeeper's Assailant
99877698, Gravekeeper's Cannonholder
62473983, Gravekeeper's Chief
50712728, Gravekeeper's Curse
37101832, Gravekeeper's Guard
16762927, Gravekeeper's Servant
63695531, Gravekeeper's Spear Soldier
24317029, Gravekeeper's Spy
99690140, Gravekeeper's Vassal
26084285, Gravekeeper's Watcher
61705417, Graverobber
33737664, Graverobber's Retribution
32022366, Gravity Axe - Grarl
85742772, Gravity Bind
29618570, Gray Wing
11813953, Great Angus
88989706, Great Dezard
2356994, Great Long Nose
47942531, Great Maju Garzett
14141448, Great Moth
10809984, Great Phantom Thief
13429800, Great White
89405199, Greed
22910685, Green Phantom King
61831093, Greenkappa
36584821, Gren Maju Da Eiza
95744531, Griggle
58314394, Ground Attacker Bugroth
90502999, Ground Collapse
55608151, Gryphon Wing
34370473, Gryphon's Feather Duster
68007326, Guardian Angel Joan
73544866, Guardian Baou
10755153, Guardian Ceal
74367458, Guardian Elma
47150851, Guardian Grarl
9633505, Guardian Kay'est
89272878, Guardian of the Labyrinth
47879985, Guardian of the Throne Room
40659562, Guardian Sphinx
75209824, Guardian Statue
46037213, Guardian Tryce
73079365, Gust
55321970, Gust Fan
9817927, Gyaku-Gire Panda
31122090, Gyakutenno Megami
28357177, Hade-Hane
88789641, Hallowed Life Barrier
80811661, Hamburger Recipe
26412047, Hammer Shot
98446407, Hand of Nephthys
7089711, Hane-Hane
20060230, Hard Armor
34100324, Harpie Girl
76812113, Harpie Lady
91932350, Harpie Lady 1
27927359, Harpie Lady 2
54415063, Harpie Lady 3
12206212, Harpie Lady Sisters
52040216, Harpie's Pet Dragon
75782277, Harpies' Hunting Ground
21015833, Hayabusa Knight
5434080, Headless Knight
64801562, Heart of Clear Water
35762283, Heart of the Underdog
23265594, Heavy Mech Support Platform
52417194, Heavy Slump
19613556, Heavy Storm
47025270, Helping Robo For Combat
76052811, Helpoemer
52584282, Hercules Beetle
22020907, Hero Signal
64501875, Hibikime
21840375, Hidden Spellbook
82260502, Hieracosphinx
10248192, Hieroglyph Lithograph
54579801, High Tide Gyojin
759393, Hiita the Fire Charmer
75745607, Hino-Kagu-Tsuchi
46130346, Hinotama
96851799, Hinotama Soul
81863068, Hiro's Shadow Scout
76184692, Hitotsu-Me Giant
40410110, Homunculus the Alchemic Being
98069388, Horn of Heaven
38552107, Horn of Light
64047146, Horn of the Unicorn
75830094, Horus the Black Flame Dragon LV4
11224103, Horus the Black Flame Dragon LV6
48229808, Horus the Black Flame Dragon LV8
9264485, Horus' Servant
67629977, Hoshiningen
15083728, House of Adhesive Tape
93107608, Howling Insect
65396880, Huge Revolution
30353551, Human-Wave Tactics
46821314, Humanoid Slime
5600127, Humanoid Worm Drake
30243636, Hungry Burger
80141480, Hunter Spider
22873798, Hyena
2118022, Hyosube
62397231, Hyozanryu
2671330, Hyper Hammerhead
21297224, Hysteric Fairy
28546905, Illusionist Faceless Mage
96631852, Impenetrable Formation
77084837, Inaba White Rabbit
33031674, Incandescent Ordeal
19847532, Infernal Flame Emperor
8581705, Infernalqueen Archfiend
74823665, Inferno
52684508, Inferno Fire Blast
17185260, Inferno Hammer
14391920, Inferno Tempest
94163677, Infinite Cards
54109233, Infinite Dismissal
79575620, Injection Fairy Lily
97923414, Inpachi
23615409, Insect Barrier
96965364, Insect Imitation
35052053, Insect Knight
37957847, Insect Princess
91512835, Insect Queen
7019529, Insect Soldiers of the Sky
16227556, Inspection
36261276, Interdimensional Matter Transporter
56647086, Invader of Darkness
3056267, Invader of the Throne
26082229, Invasion of Flames
98374133, Invigoration
52675689, Invitation to a Dark Sleep
73431236, Iron Blacksmith Kotetsu
4042268, Island Turtle
95214051, Jade Insect Whistle
21770260, Jam Breeding Machine
21558682, Jam Defender
83968380, Jar of Greed
33784505, Jar Robber
14851496, Jellyfish
90020065, Jigen Bakudan
77585513, Jinzo
32809211, Jinzo #7
94773007, Jirai Gumo
41855169, Jowgen the Spiritualist
5257687, Jowls of Dark Demise
30113682, Judge Man
55256016, Judgment of Anubis
4869446, Judgment of the Desert
24068492, Just Desserts
52768103, KA-2 Des Scissors
51934376, Kabazauls
15401633, Kagemusha of the Blue Flame
34627841, Kaibaman
35059553, Kaiser Colosseum
52824910, Kaiser Glider
17444133, Kaiser Sea Horse
9653271, Kaminari Attack
97570038, Kaminote Blow
95789089, Kangaroo Champ
23289281, Karate Man
54541900, Karbonala Warrior
62340868, Kazejin
54878498, Kelbek
80441106, Keldo
88979991, Killer Needle
13756293, King Dragun
84686841, King Fog
36021814, King of the Skull Servants
79109599, King of the Swamp
69455834, King of Yamimakai
83986578, King Tiger Wanghu
84814897, Kiryu
4266839, Kiseitai
60519422, Kishido Spirit
87210505, Knight's Title
69456283, Koitsu
1184620, Kojikocy
19406822, Kotodama
67724379, Koumori Dragon
99171160, Kozaky
21908319, Kozaky's Self-Destruct Button
82642348, Kryuel
56283725, Kumootoko
85705804, Kurama
40640057, Kuriboh
60802233, Kuwagata Alpha
95144193, Kwagar Hercules
88240808, Kycoo the Ghost Destroyer
97590747, La Jinn the Mystical Genie of the Lamp
66526672, Labyrinth of Nightmare
99551425, Labyrinth Tank
67284908, Labyrinth Wall
90147755, Lady Assailant of Flames
82005435, Lady Ninja Yae
17358176, Lady of Faith
38480590, Lady Panther
87756343, Larvae Moth
94675535, Larvas
77007920, Laser Cannon Armor
28566710, Last Turn
85602018, Last Will
87322377, Launcher Spider
20394040, Lava Battleguard
102380, Lava Golem
7902349, Left Arm of the Forbidden One
44519536, Left Leg of the Forbidden One
87010442, Legacy Hunter
96458440, Legendary Black Belt
60258960, Legendary Flame Lord
25773409, Legendary Jujitsu Master
61854111, Legendary Sword
12472242, Leghul
62543393, Lekunga
10538007, Leogun
55444629, Lesser Dragon
16475472, Lesser Fiend
84397023, Level Conversion Lab
3136426, Level Limit - Area B
25290459, Level Up!
37721209, Levia-Dragon - Daedalus
14318794, Life Absorbing Machine
62867251, Light of Intervention
44595286, Light of Judgment
37231841, Lighten the Load
49587034, Lightforce Sword
55226821, Lightning Blade
27671321, Lightning Conger
69162969, Lightning Vortex
23171610, Limiter Removal
93108297, Liquid Beast
68658728, Little Chimera
90790253, Little-Winguard
20831168, Lizard Soldier
82452993, Lone Wolf
17985575, Lord of D.
99510761, Lord of the Lamp
40320754, Lord Poison
45871897, Lost Guardian
57482479, Luminous Soldier
81777047, Luminous Spark
11091375, Luster Dragon
17658803, Luster Dragon #2
56342351, M-Warrior #1
92731455, M-Warrior #2
25769732, Machine Conversion Factory
63995093, Machine Duplication
46700124, Machine King
79182538, Mad Dog of Darkness
79870141, Mad Sword Beast
83746708, Mage Power
62279055, Magic Cylinder
59344077, Magic Drain
77414722, Magic Jammer
61844784, Magic Reflector
46474915, Magical Ghost
81210420, Magical Hats
64389297, Magical Labyrinth
8034697, Magical Marionette
32362575, Magical Merchant
7802006, Magical Plant Mandragola
53119267, Magical Thorn
31560081, Magician of Faith
93013676, Maha Vailo
40695128, Maharaghi
17214465, Maiden of the Aqua
79629370, Maiden of the Moonlight
60102563, Maji-Gire Panda
9074847, Major Riot
8794435, Maju Garzett
99597615, Malevolent Nuzzler
13626450, Malice Dispersion
72657739, Malice Doll of Demise
40374923, Mammoth Graveyard
93553943, Man Eater
54652250, Man-Eater Bug
13723605, Man-Eating Treasure Chest
43714890, Man-Thro' Tro'
38369349, Manga Ryu-Ran
95492061, Manju of the Ten Thousand Hands
77121851, Manticore of Darkness
2460565, Marauding Captain
71466592, Maryokutai
44287299, Masaki the Legendary Swordsman
82432018, Mask of Brutality
28933734, Mask of Darkness
20765952, Mask of Dispel
29549364, Mask of Restrict
56948373, Mask of the Accursed
57882509, Mask of Weakness
39191307, Masked Dragon
10189126, Masked Sorcerer
34906152, Mass Driver
75499502, Master & Expert
24530661, Master Kyonshee
49814180, Master Monk
27134689, Master of Oz
22609617, Mataza the Zapper
6133894, Mazera DeVille
94667532, Mecha-Dog Marron
34442949, Mechanical Snail
7359741, Mechanicalchaser
76211194, Meda Bat
2694423, Medusa Worm
46820049, Mefist the Infernal General
21817254, Mega Thunderball
32062913, Mega Ton Magical Cannon
22046459, Megamorph
71544954, Megarock Dragon
7562372, Megasonic Eye
86569121, Melchid the Four-Face Beast
24435369, Mermaid Knight
44656491, Messenger of Peace
65957473, Metal Armored Bug
75646520, Metal Detector
9293977, Metal Dragon
55998462, Metal Fish
7369217, Metallizing Parasite - Lunatite
68540059, Metalmorph
33114323, Metalsilver Armor
50705071, Metalzoa
46411259, Metamorphosis
33767325, Meteor of Destruction
64274292, Meteorain
37580756, Michizure
18190572, Micro Ray
75487237, Mid Shield Gardna
62327910, Mighty Guard
38277918, Mikazukinoyaiba
82482194, Millennium Scorpion
32012841, Millennium Shield
7489323, Milus Radiant
32539892, Minar
37520316, Mind Control
15800838, Mind Crush
75392615, Mind Haxorz
66690411, Mind on Air
52817046, Mind Wipe
76321376, Mine Golem
85519211, Minefield Eruption
1918087, Minor Goblin Official
6343408, Miracle Dig
68334074, Miracle Restoring
15960641, Mirage Dragon
49217579, Mirage Knight
44095762, Mirror Force
22359980, Mirror Wall
33178416, Misairuzame
58392024, Mispolymerization
45159319, Moai Interceptor Cannons
4929256, Mobius the Frost Monarch
75285069, Moisture Creature
27288416, Mokey Mokey
13803864, Mokey Mokey King
1965724, Mokey Mokey Smackdown
17192817, Molten Behemoth
19384334, Molten Destruction
4732017, Molten Zombie
3810071, Monk Fighter
36121917, Monster Egg
43040603, Monster Gate
93108433, Monster Recovery
74848038, Monster Reincarnation
93671934, Morale Boost
55784832, Morinphen
33508719, Morphing Jar
79106360, Morphing Jar #2
57839750, Mother Grizzly
50913601, Mountain
31477025, Mr. Volcano
70307656, Mucus Yolk
82108372, Mudora
46657337, Muka Muka
80863132, Muko
22493811, Multiplication of Ants
93900406, Mushroom Man #2
56907389, Musician King
68191243, Mustering of the Dark Scorpions
69279219, My Body as a Shield
1347977, Mysterious Guard
54098121, Mysterious Puppeteer
47060154, Mystic Clown
68516705, Mystic Horseman
98049915, Mystic Lamp
18161786, Mystic Plasma Zone
49251811, Mystic Probe
47507260, Mystic Swordsman LV2
74591968, Mystic Swordsman LV4
60482781, Mystic Swordsman LV6
83011278, Mystic Tomato
15025844, Mystical Elf
98745000, Mystical Knight of Jackal
36607978, Mystical Moon
30451366, Mystical Sheep #1
83464209, Mystical Sheep #2
39552864, Mystical Shine Ball
5318639, Mystical Space Typhoon
80161395, Mystik Wok
40172183, Narrow Pass
48576971, Necklace of Command
47355498, Necrovalley
98162242, Needle Burrower
38411870, Needle Ceiling
38299233, Needle Wall
81843628, Needle Worm
14315573, Negate Attack
11021521, Neko Mane King
1761063, Nekogal #1
90963488, Nemuriko
49563947, Neo Aqua Madoor
16587243, Neo Bug
50930991, Neo the Magic Swordsman
4335645, Newdoria
16226786, Night Assailant
59290628, Nightmare Horse
81306586, Nightmare Penguin
54704216, Nightmare Wheel
22567609, Nimble Momonga
11987744, Nin-Ken Dog
4041838, Ninja Grandmaster Sasuke
89628781, Ninjitsu Art of Decoy
70861343, Ninjitsu Art of Transformation
23842445, Nitro Unit
7805359, Niwatori
71044499, Nobleman of Crossout
17449108, Nobleman of Extermination
65878864, Nobleman-Eater Bug
76848240, Non Aggression Area
20065549, Non-Spellcasting Area
43694075, Novox's Prayer
51616747, Nubian Guard
2130625, Numinous Healer
29389368, Nutrient Z
12953226, Nuvia the Wicked
52077741, Obnoxious Celtic Guard
10485110, Ocean Dragon Lord - Neo-Daedalus
74637266, Octoberser
86088138, Ocubeam
19230408, Offerings to the Doomed
45121025, Ogre of the Black Shadow
79335209, Ojama Black
8251996, Ojama Delta Hurricane!!
12482652, Ojama Green
90140980, Ojama King
29843091, Ojama Trio
42941100, Ojama Yellow
45141844, Old Vindictive Magician
56995655, Ominous Fortunetelling
33064647, One-Eyed Shield Dragon
66927994, Oni Tank T-34
58861941, Ooguchi
19523799, Ookazi
58538870, Oppressed People
44762290, Opti-Camouflage Armor
14531242, Opticlops
63120904, Orca Mega-Fortress of Darkness
39537362, Ordeal of a Traveler
78986941, Order to Charge
39019325, Order to Smash
82065276, Oscillo Hero
39751094, Otohime
11548522, Outstanding Dog Marron
2311603, Overdrive
73398797, Paladin of White Dragon
21263083, Pale Beast
94585852, Pandemonium
75375465, Pandemonium Watchbear
50152549, Paralyzing Potion
27911549, Parasite Paracide
62762898, Parrot Dragon
19153634, Patrician of Darkness
76775123, Patrol Robo
20624263, Peacock
967928, Penalty Game!
36039163, Penguin Knight
93920745, Penguin Soldier
64751286, Penumbral Soldier Lady
12143771, People Running About
18891691, Perfect Machine King
48579379, Perfectly Ultimate Great Moth
4849037, Performance of Sword
52624755, Peten the Dark Clown
38142739, Petit Angel
75356564, Petit Dragon
58192742, Petit Moth
52550973, Pharaoh's Servant
63571750, Pharaoh's Treasure
89959682, Pharaonic Protector
63356631, Phoenix Wing Wind Blast
63442604, Physical Double
74270067, Pikeru's Circle of Enchantment
58015506, Pikeru's Second Sight
26185991, Pinch Hopper
90669991, Pineapple Blast
50823978, Piranha Army
34029630, Pitch-Black Power Stone
88975532, Pitch-Black Warwolf
47415292, Pitch-Dark Dragon
35429292, Pixie Knight
76539047, Poison Fangs
43716289, Poison Mummy
8842266, Poison of the Old Man
73578229, Pole Position
24094653, Polymerization
52860176, Possessed Dark Soul
55144522, Pot of Greed
77027445, Power of Kaishin
68304813, Precious Cards from Beyond
70828912, Premature Burial
549481, Prevent Rat
91559748, Prickle Fairy
23701465, Primal Seed
51371017, Princess of Tsurugi
43711255, Prohibition
24221739, Protector of the Sanctuary
10071456, Protector of the Throne
7892180, Psychic Kappa
29155212, Pumpking the King of Ghosts
74703140, Punished Eagle
76754619, Pyramid Energy
53569894, Pyramid of Light
77044671, Pyramid Turtle
1082946, Pyro Clock of Destiny
73081602, Queen Bird
4179849, Queen of Autumn Leaves
5901497, Queen's Double
38723936, Question
94905343, Rabid Horseman
31440542, Rafflesia Seduction
90810762, Raging Flame Sprite
4178474, Raigeki Break
56260110, Raimei
66719324, Rain of Mercy
21347810, Rainbow Flower
51267887, Raise Body Heat
25236056, Rare Metal Dragon
12503902, Rare Metalmorph
7625614, Raregold Armor
85309439, Ray & Temperature
82529174, Ray of Hope
74694807, Re-Fusion
31785398, Ready for Intercepting
28121403, Really Eternal Rest
33066139, Reaper of the Cards
85684223, Reaper on the Nightmare
58577036, Reasoning
37576645, Reckless Greed
96316857, Recycle
65570596, Red Archery Girl
38199696, Red Medicine
74677422, Red-Eyes B. Dragon
64335805, Red-Eyes Black Metal Dragon
96561011, Red-Eyes Darkness Dragon
2851070, Reflect Bounder
70821187, Regenerating Mummy
32807846, Reinforcement of the Army
17814387, Reinforcements
75417459, Release Restraint
64631466, Relinquished
22589918, Reload
94739788, Remove Brainwashing
51482758, Remove Trap
14878871, Rescue Cat
62420419, Reshef the Dark Being
8951260, Respect Play
99518961, Restructer Revolution
27174286, Return from the Different Dimension
19827717, Return of the Doomed
5990062, Reversal Quiz
77622396, Reverse Trap
31709826, Revival Jam
31066283, Revival of Dokurorider
70903634, Right Arm of the Forbidden One
8124921, Right Leg of the Forbidden One
83555666, Ring of Destruction
20436034, Ring of Magnetism
34016756, Riryoku
70344351, Riryoku Field
45778932, Rising Air Current
30450531, Rite of Spirit
54351224, Ritual Weapon
90846359, Rivalry of Warlords
19066538, Roaring Ocean Snake
88279736, Robbin' Goblin
92421852, Robolady
44203504, Robotic Knight
38916461, Roboyarou
28143906, Roc from the Valley of Haze
20781762, Rock Bombardment
68846917, Rock Ogre Grotto #1
53890795, Rocket Jumper
95515060, Rod of Silence - Kay'est
94793422, Rod of the Mind's Eye
91939608, Rogue Doll
39004808, Root Water
93382620, Rope of Life
46303688, Roulette Barrel
33950246, Royal Command
51452091, Royal Decree
16509093, Royal Keeper
70791313, Royal Magical Library
93016201, Royal Oppression
56058888, Royal Surrender
72405967, Royal Tribute
26378150, Rude Kaiser
70046172, Rush Recklessly
57281778, Ryu Kokki
49868263, Ryu Senshi
15303296, Ryu-Kishin
42647539, Ryu-Kishin Clown
24611934, Ryu-Kishin Powered
2964201, Ryu-Ran
30914564, Sacred Crane
61441708, Sacred Phoenix of Nephthys
13604200, Sage's Stone
66602787, Saggi the Dark Clown
56120475, Sakuretsu Armor
32268901, Salamandra
96947648, Salvage
50593156, Sand Gambler
73051941, Sand Stone
25955164, Sanga of the Thunder
26202165, Sangan
53539634, Sanwitch
16222645, Sasuke Samurai
11760174, Sasuke Samurai #2
77379481, Sasuke Samurai #3
64538655, Sasuke Samurai #4
73915051, Scapegoat
67532912, Science Soldier
10352095, Scroll of Bewitchment
42071342, Sea Serpent Warrior of Darkness
97809599, Seal of the Ancients
2468169, Sealmaster Meisei
22537443, Sebek's Blessing
36562627, Second Coin Toss
19086954, Second Goblin
27053506, Secret Barrel
77876207, Secret Pass to the Treasures
6740720, Seiyaryu
57585212, Self-Destruct Button
23401839, Senju of the Thousand Hands
60391791, Senri Eye
49398568, Serial Spell
66516792, Serpent Night Dragon
71829750, Serpentine Princess
2792265, Servant of Catabolism
3819470, Seven Tools of the Bandit
30778711, Shadow Ghoul
58621589, Shadow of Eyes
29267084, Shadow Spell
37620434, Shadow Tamer
9603356, Shadowknight Archfiend
20939559, Shadowslayer
4035199, Shapesnatch
56830749, Share the Pain
52097679, Shield & Sword
59560625, Shift
59237154, Shifting Shadows
86327225, Shinato, King of a Higher Plane
60365591, Shinato's Ark
87303357, Shining Abyss
95956346, Shining Angel
82085619, Shining Friendship
95638658, Shooting Star Bow - Ceal
1995985, Silent Swordsman LV3
74388798, Silent Swordsman LV5
37267041, Silent Swordsman LV7
73001017, Silpheed
1557499, Silver Bow and Arrow
90357090, Silver Fang
8131171, Sinister Serpent
82732705, Skill Drain
73752131, Skilled Dark Magician
46363422, Skilled White Magician
61370518, Skull Archfiend of Lightning
126218, Skull Dice
86652646, Skull Dog Marron
3627449, Skull Guardian
98139712, Skull Invitation
2504891, Skull Knight
15653824, Skull Knight #2
6733059, Skull Lair
5265750, Skull Mariner
10202894, Skull Red Bird
32274490, Skull Servant
64306248, Skull-Mark Ladybug
95288024, Sky Dragon
30532390, Sky Scout
78636495, Slate Warrior
40200834, Sleeping Lion
68638985, Slime Toad
3797883, Slot Machine
97169186, Smashing Ground
63789924, Smoke Grenade of the Thief
596051, Snake Fang
45986603, Snatch Steal
86318356, Sogen
45985838, Solar Flare Dragon
44472639, Solar Ray
41420027, Solemn Judgment
35346968, Solemn Wishes
23471572, Solomon's Lawbook
57617178, Sonic Bird
84696266, Sonic Duck
84550200, Sonic Jammer
38942059, Sonic Maid
88619463, Sorcerer of Dark Magic
49218300, Sorcerer of the Doomed
68073522, Soul Absorption
76297408, Soul Demolition
68005187, Soul Exchange
77527210, Soul of Purity and Light
47852924, Soul of the Pure
5758500, Soul Release
92924317, Soul Resurrection
78864369, Soul Reversal
15734813, Soul Tiger
63012333, Soul-Absorbing Bone Tower
31242786, Souleater
4920010, Souls of the Forgotten
36119641, Space Mambo
76103675, Sparks
20644748, Spatial Collapse
58551308, Spear Cretin
31553716, Spear Dragon
42598242, Special Hurricane
51481927, Spell Absorption
84636823, Spell Canceller
4259068, Spell Economics
1669772, Spell Purification
29228529, Spell Reproduction
38275183, Spell Shield Type-8
29735721, Spell Vanishing
10069180, Spell-Stopping Statute
18807109, Spellbinding Circle
96677818, Spellbook Organization
52121290, Spherous Lady
51402177, Sphinx Teleia
85326399, Spike Seadra
87511987, Spikebot
49328340, Spiral Spear Strike
53239672, Spirit Barrier
48659020, Spirit Caller
69832741, Spirit Elimination
94772232, Spirit Message "A"
31893528, Spirit Message "I"
30170981, Spirit Message "L"
67287533, Spirit Message "N"
13522325, Spirit of Flames
14037717, Spirit of the Books
53530069, Spirit of the Breeze
80770678, Spirit of the Harp
25343280, Spirit of the Pharaoh
4896788, Spirit of the Pot of Greed
23205979, Spirit Reaper
67957315, Spirit Ryu
92394653, Spirit's Invitation
99173029, Spiritual Energy Settle Machine
15866454, Spiritualism
94425169, Spring of Rebirth
21175632, St. Joan
81385346, Stamping Destruction
8201910, Star Boy
65810489, Statue of the Wicked
92854392, Staunch Defender
3510565, Stealth Bird
29172562, Steel Ogre Grotto #1
90908427, Steel Ogre Grotto #2
13599884, Steel Scorpion
2370081, Steel Shell
83225447, Stim-Pack
15023985, Stone Ogre Grotto
31812496, Stone Statue of the Aztecs
63102017, Stop Defense
60764581, Stray Lambs
41006930, Strike Ninja
71068263, Stuffed Animal
34646691, Stumbling
55291359, Succubus Knight
98434877, Suijin
70781052, Summoned Skull
14644902, Summoner of Illusions
27770341, Super Rejuvenation
75923050, Super Robolady
1412158, Super Roboyarou
44072894, Supply
40473581, Susa Soldier
40453765, Swamp Battleguard
41872150, Swarm of Locusts
15383415, Swarm of Scarabs
16589042, Swift Gaia the Fierce Knight
51345461, Sword Hunter
37120512, Sword of Dark Destruction
98495314, Sword of Deep-Seated
61405855, Sword of Dragon's Soul
5371656, Sword of the Soul-Eater
12923641, Swords of Concealing Light
72302403, Swords of Revealing Light
3573512, Swordsman of Landstar
50005633, Swordstalker
89698120, Tactical Espionage Expert
43641473, Tailor of the Fickle
28725004, Tainted Wisdom
44073668, Takriminos
3170832, Takuhee
71983925, Talisman of Spell Sealing
19312169, Talisman of Trap Sealing
90740329, Taunt
63308047, Terra the Terrible
73628505, Terraforming
35975813, Terrorking Archfiend
78060096, Terrorking Salmon
16469012, Teva
32864, The 13th Grave
403847, The A. Forces
64734921, The Agent of Creation - Venus
91123920, The Agent of Force - Mars
91345518, The Agent of Judgment - Saturn
38730226, The Agent of Wisdom - Mercury
32269855, The All-Seeing White Tiger
1689516, The Big March of Animals
71107816, The Bistro Butcher
41142615, The Cheerful Coffin
61505339, The Creator
97093037, The Creator Incarnate
52101615, The Dark - Hex-Sealed Fusion
30606547, The Dark Door
93346024, The Dragon Dwelling in the Cave
92408984, The Dragon's Bead
66989694, The Earl of Demise
88696724, The Earth - Hex-Sealed Fusion
68400115, The Emperor's Holiday
65403020, The End of Anubis
34694160, The Eye of Truth
66362965, The Fiend Megacyber
31076103, The First Sarcophagus
43973174, The Flute of Summoning Dragon
84080939, The Forgiving Maiden
18710707, The Furious Sea King
88089103, The Graveyard in the Fourth Dimension
68049471, The Gross Ghost of Fled Dreams
1525329, The Hunter with 7 Weapons
83764996, The Illusory Gentleman
84926738, The Immortal of Thunder
81820689, The Inexperienced Spy
28003512, The Judgement Hand
90407382, The Kick Man
86099788, The Last Warrior from Another Planet
66926224, The Law of the Normal
3643300, The Legendary Fisherman
15717011, The Light - Hex-Sealed Fusion
25109950, The Little Swordsman of Aile
49064413, The Masked Beast
32541773, The Portrait's Secret
40703393, The Puppet Magic of Dark Ruler
296499, The Regulation of Tribe
16430187, The Reliable Guardian
76305638, The Rock Spirit
56433456, The Sanctuary in the Sky
4081094, The Second Sarcophagus
99351431, The Secret of the Bandit
43434803, The Shallow Grave
99517131, The Spell Absorbing Life
10262698, The Statue of Easter Island
87557188, The Stern Mystic
78243409, The Thing in the Crater
78697395, The Third Sarcophagus
38479725, The Trojan Horse
65475294, The Unfriendly Amazon
27618634, The Unhappy Girl
51275027, The Unhappy Maiden
95281259, The Warrior Returning Alive
6285791, The Wicked Worm Beast
51838385, Theban Nightmare
87997872, Theinen the Great Sphinx
26205777, Thestalos the Firestorm Monarch
41462083, Thousand Dragon
5703682, Thousand Energy
63391643, Thousand Knives
33977496, Thousand Needles
27125110, Thousand-Eyes Idol
63519819, Thousand-Eyes Restrict
36361633, Threatening Roar
78423643, Three-Headed Geedo
33734439, Three-Legged Zombies
76075810, Throwstone Unit
69196160, Thunder Crash
31786629, Thunder Dragon
70797118, Thunder Nyan Nyan
91781589, Thunder of Ruler
49791927, Tiger Axe
35316708, Time Seal
71625222, Time Wizard
44913552, Timeater
40350910, Timidity
83675475, Token Feastevil
57182235, Token Thanksgiving
82003859, Toll
69572024, Tongyo
59383041, Toon Alligator
79875176, Toon Cannon Soldier
43509019, Toon Defense
42386471, Toon Gemini Elf
15270885, Toon Goblin Attack Force
16392422, Toon Masked Sorcerer
65458948, Toon Mermaid
91842653, Toon Summoned Skull
89997728, Toon Table of Contents
15259703, Toon World
71283180, Tornado Bird
18605135, Tornado Wall
90337190, Torpedo Fish
53582587, Torrential Tribute
75372290, Total Defense Shogun
94256039, Tower of Babel
35686188, Tragedy
64697231, Trap Dustshoot
4206964, Trap Hole
19252988, Trap Jammer
46461247, Trap Master
3055837, Trap of Board Eraser
46918794, Tremendous Fire
78780140, Trent
39111158, Tri-Horned Dragon
77827521, Trial of Nightmare
12181376, Triangle Ecstasy Spark
32298781, Triangle Power
33184167, Tribe-Infecting Virus
2903036, Tribute Doll
79759861, Tribute to the Doomed
45042329, Tripwire Beast
55013285, Troop Dragon
34853266, Tsukuyomi
72929454, Turtle Bird
76806714, Turtle Oath
37313348, Turtle Tiger
59053232, Turu-Purun
3149764, Tutan Mask
29692206, Twin Long Rods #2
21900719, Twin Swords of Flashing Light - Tryce
43586926, Twin-Headed Behemoth
78984772, Twin-Headed Fire Dragon
54752875, Twin-Headed Thunder Dragon
88132637, Twin-Headed Wolf
82035781, Twinheaded Beast
83228073, Two Thousand Needles
94119974, Two-Headed King Rex
25578802, Two-Man Cell Battle
57305373, Two-Mouth Darkruler
83887306, Two-Pronged Attack
72842870, Tyhone
56789759, Tyhone #2
21237481, Type Zero Magic Crusher
94568601, Tyrant Dragon
60806437, UFO Turtle
67934141, Ultimate Baseball Kid
49441499, Ultimate Insect LV1
34088136, Ultimate Insect LV3
34830502, Ultimate Insect LV5
19877898, Ultimate Insect LV7
32240937, Ultimate Obedient Fiend
80604092, Ultimate Offering
22431243, Ultra Evolution Pill
22702055, Umi
82999629, Umiiruka
11743119, Union Rider
85936485, United Resistance
56747793, United We Stand
97360116, Unknown Warrior of Fiend
92084010, Unshaven Angler
70368879, Upstart Goblin
1784619, Uraby
48649353, Ushi Oni
75347539, Valkyrion the Magna Warrior
56387350, Vampire Baby
22056710, Vampire Genesis
26495087, Vampire Lady
53839837, Vampire Lord
46571052, Vampire Orchis
95220856, Vengeful Bog Spirit
50259460, Versago the Destroyer
39774685, Vile Germs
73219648, Vilepawn Archfiend
15052462, Violet Crystal
12607053, Waboku
13945283, Wall of Illusion
17078030, Wall of Revealing Light
63162310, Wall Shadow
42994702, Wandering Mummy
75953262, Warrior Dai Grepher
56413937, Warrior of Tradition
66073051, Warrior of Zera
23424603, Wasteland
87774234, Watapon
93343894, Water Magician
2483611, Water Omotics
27324313, Wattkid
38992735, Wave-Motion Cannon
10035717, Weapon Change
72053645, Weather Report
91996584, Whiptail Crow
15090429, Whirlwind Prodigy
9786492, White Dragon Ritual
43487744, White Hole
15150365, White Magical Hat
81383947, White Magician Pikeru
1571945, White Ninja
68427465, Wicked-Breaking Flamberge - Baou
77754944, Widespread Ruin
61166988, Wild Nature's Release
59744639, Windstorm of Etaqua
87796900, Winged Dragon, Guardian of the Fortress #1
57405307, Winged Dragon, Guardian of the Fortress #2
57116033, Winged Kuriboh
89258225, Winged Minion
87523462, Winged Sage Falcos
31447217, Wingweaver
75946257, Witch Doctor of Chaos
80741828, Witch's Apprentice
36304921, Witty Phantom
42883273, Wodan the Resident of the Forest
56369281, Wolf Axwielder
35322812, Woodborg Inpachi
6979239, Woodland Sprite
12253117, World Suppression
73216412, Worm Drake
69750536, WOW Warrior
37744402, Wynn the Wind Charmer
62651957, X-Head Cannon
76515293, Xing Zhen Hu
2111707, XY-Dragon Cannon
91998119, XYZ-Dragon Cannon
99724761, XZ-Tank Cannon
65622692, Y-Dragon Head
29380133, Yado Karu
70345785, Yamadron
76862289, Yamata Dragon
59197169, Yami
71280811, Yaranzo
4542651, Yellow Luster Shield
51534754, Yomi Ship
25119460, YZ-Tank Dragon
64500000, Z-Metal Tank
51945556, Zaborg the Thunder Monarch
83133491, Zero Gravity
24311372, Zoa
16268841, Zolga
47693640, Zombie Tiger
88472456, Zombyra the Dark
